barcode,name
3667193012455,MFSI05 - Tube 39cm
3667193012448,MFSI04 - Tube 29cm
3667193012431,MFSI04 - Tube 39cm
3667193012424,MFSI03 - Tube 29cm
3667193012417,MFSI03 - Tube 39 cm
3667193012400,MFSI02 - Tube 29 cm
3667193012387,MFSI02 - Tube 39 cm
3667193012370,MFSI01 - Tube 29 cm
3667193012356,MFSI01 - Tube 39 cm
3667193013322,FSI60 - Tube 39 cm
3667193021341,MAY-04  FIONA No 3 - Tube 39cm
3667193021334,MAY-04  FIONA No 2 - Tube 39cm
3667193021327,May 3 FIONA No 1 - Tube 39cm
3667193021303,FSI40 - Tube 39cm
3667193021310,FSI40 - TUBE 29cm
3667193020825,FSI52 - Tube 39cm
3667193021297,FSI69 - Tube 29cm
3667193021280,FSI69 - Tube 39cm
3667193021266,BFSI12-08S
3667193021259,BFSI12-08G
3667193021242,BFSI12-07S
3667193021235,BFSI12-07G
3667193021228,BFSI12-06S
3667193021211,BFSI12-06G
3667193021204,BFSI12-05S
3667193021198,BFSI12-05G
3667193021181,BFSI12-04S
3667193021174,BFSI12-04G
3667193021167,BFSI12-03S
3667193021150,BFSI12-03G
3667193021143,BFSI12-02S
3667193021136,BFSI12-02G
3667193021129,BFSI12-01S
3667193021112,BFSI12-01G
3667193021105,BFSI11-10S
3667193021099,BFSI11-10G
3667193021082,BFSI11-09S
3667193021075,BFSI11-09G
3667193021068,BFSI11-08S
3667193021051,BFSI11-08G
3667193021044,BFSI11-07S
3667193021037,BFSI11-07G
3667193021020,BFSI11-06S
3667193021013,BFSI11-06G
3667193021006,BFSI11-05S
3667193020993,BFSI11-05G
3667193020986,BFSI11-04S
3667193020979,BFSI11-04G
3667193020962,BFSI11-03S
3667193020955,BFSI11-03G
3667193020948,BFSI11-02S
3667193020931,BFSI11-02G
3667193020924,BFSI11-01S
3667193020917,BFSI11-01G
3667193020900,BFSI10-08S
3667193020894,BFSI10-08G
3667193020887,BFSI10-07S
3667193020870,BFSI10-07G
3667193020863,BFSI10-06S
3667193020856,BFSI10-06G
3667193020849,BFSI10-05S
3667193020832,BFSI10-05G
3667193020818,BFSI10-04S
3667193020801,BFSI10-04G
3667193020795,BFSI10-03S
3667193020788,BFSI10-03G
3667193020771,BFSI10-02S
3667193020764,BFSI10-02G
3667193020757,BFSI10-01S
3667193020740,BFSI10-01G
3667193020733,BFSI09-10S
3667193020726,BFSI09-10G
3667193020719,BFSI09-09S
3667193020702,BFSI09-09G
3667193020696,BFSI09-08S
3667193020689,BFSI09-08G
3667193020672,BFSI09-07S
3667193020665,BFSI09-07G
3667193020658,BFSI09-06S
3667193020641,BFSI09-06G
3667193020634,BFSI09-05S
3667193020627,BFSI09-05G
3667193020610,BFSI09-04S
3667193020603,BFSI09-04G
3667193020597,BFSI09-03S
3667193020580,BFSI09-03G
3667193020573,BFSI09-02S
3667193020566,BFSI09-02G
3667193020559,BFSI09-01S
3667193020542,BFSI09-01G
3667193020535,BFSI08-10S
3667193020528,BFSI08-10G
3667193020511,BFSI08-09S
3667193020504,BFSI08-09G
3667193020498,BFSI08-08S
3667193020481,BFSI08-08G
3667193020474,BFSI07-07S
3667193020467,BFSI08-07G
3667193020450,BFSI08-06S
3667193020443,BFSI08-06G
3667193020436,BFSI08-05S
3667193020429,BFSI08-05G
3667193020412,BFSI08-04S
3667193020405,BFSI08-04G
3667193020399,BFSI08-03S
3667193020382,BFSI08-03G
3667193020375,BFSI08-02S
3667193020368,BFSI08-02G
3667193020351,BFSI08-01S
3667193020344,BFSI08-01G
3667193020337,BFSI07-08S
3667193020320,BFSI07-08G
3667193020313,BFSI07-07S
3667193020306,BFSI07-07G
3667193020290,BFSI07-06S
3667193020283,BFSI07-06G
3667193020276,BFSI07-05S
3667193020269,BFSI07-05G
3667193020252,BFSI07-04S
3667193020245,BFSI07-04G
3667193020238,BFSI07-03S
3667193020221,BFSI07-03G
3667193020214,BFSI07-02S
3667193020207,BFSI07-02G
3667193020191,BFSI07-01S
3667193020184,BFSI07-01G
3667193020177,BFSI06-10S
3667193020160,BFSI06-10G
3667193020153,BFSI06-09S
3667193020146,BFSI06-09G
3667193020139,BFSI06-08S
3667193020122,BFSI06-08G
3667193020115,BFSI06-07S
3667193020108,BFSI06-06S
3667193020092,BFSI06-07G
3667193020085,BFSI06-06G
3667193020078,BFSI06-05S
3667193020061,BFSI06-05G
3667193020054,BFSI06-04S
3667193020047,BFSI06-04G
3667193020030,BFSI06-03S
3667193020023,BFSI06-03G
3667193020016,BFSI06-02S
3667193020009,BFSI06-02G
3667193019997,BFSI06-01S
3667193019980,BFSI06-01G
3667193019973,BFSI05-08S
3667193019966,BFSI05-08G
3667193019959,BFSI05-07S
3667193019942,BFSI05-07G
3667193019935,BFSI05-06S
3667193019928,BFSI05-06G
3667193019911,BFSI05-05S
3667193019904,BFSI05-05G
3667193019898,BFSI05-04S
3667193019881,BFSI05-04G
3667193019874,BFSI05-03S
3667193019867,BFSI05-03G
3667193019850,BFSI05-02S
3667193019843,BFSI05-02G
3667193019836,BFSI05-01S
3667193019829,BFSI05-01G
3667193019812,BFSI04-06S
3667193019805,BFSI04-05S
3667193019799,BFSI04-04S
3667193019782,BFSI04-03S
3667193019775,BFSI04-02S
3667193019768,BFSI04-01S
3667193019751,BFSI04-06G
3667193019744,BFSI04-05G
3667193019737,BFSI04-04G
3667193019720,BFSI04-03G
3667193019713,BFSI04-02G
3667193019706,BFSI04-01G
3667193019690,BFSI03-16S
3667193019683,BFSI03-16G
3667193019676,BFSI03-15S
3667193019669,BFSI03-15G
3667193019652,BFSI03-14S
3667193019645,BFSI03-14G
3667193019638,BFSI03-13S
3667193019621,BFSI03-13G
3667193019614,BFSI03-12S
3667193019607,BFSI03-12G
3667193019591,BFSI03-11S
3667193019584,BFSI03-11G
3667193019577,BFSI03-10S
3667193019560,BFSI03-10G
3667193019553,BFSI03-09S
3667193019546,BFSI03-09G
3667193019539,BFSI03-08S
3667193019522,BFSI03-08G
3667193019515,BFSI03-07S
3667193019508,BFSI03-07G
3667193019492,BFSI03-06S
3667193019485,BFSI03-06G
3667193019478,BFSI03-05S
3667193019461,BFSI03-05G
3667193019454,BFSI03-04S
3667193019447,BFSI03-04G
3667193019430,BFSI03-03S
3667193019423,BFSI03-03G
3667193019416,BFSI03-02S
3667193019409,BFSI03-02G
3667193019393,BFSI03-01S
3667193019386,BFSI03-01G
3667193019379,BFSI02-06S
3667193019362,BFSI02-06G
3667193019355,BFSI02-05S
3667193019348,BFSI02-05G
3667193019331,BFSI02-04S
3667193019324,BFSI02-04G
3667193019317,BFSI02-03S
3667193019300,BFSI02-03G
3667193019294,BFSI02-02S
3667193019287,BFSI02-02G
3667193019270,BFSI02-01S
3667193019263,BFSI02-01G
3667193019256,BFSI01-16S
3667193019249,BFSI01-16G
3667193019232,BFSI01-15S
3667193019225,BFSI01-15G
3667193019218,BFSI01-14S
3667193019201,BFSI01-14G
3667193019195,BFSI01-13S
3667193019188,BFSI01-13G
3667193019171,BFSI01-12S
3667193019164,BFSI01-12G
3667193019157,BFSI01-11S
3667193019140,BFSI01-11G
3667193019133,BFSI01-10S
3667193019126,BFSI01-10G
3667193019119,BFSI01-09S
3667193019102,BFSI01-09G
3667193019096,BFSI01-08S
3667193019089,BFSI01-08G
3667193019072,BFSI01-07S
3667193019065,BFSI01-07G
3667193019058,BFSI01-06S
3667193019041,BFSI01-06G
3667193019034,BFSI01-05S
3667193019027,BFSI01-05G
3667193019010,BFSI01-04S
3667193019003,BFSI01-04G
3667193018990,BFSI01-03S
3667193018983,BFSI01-03G
3667193018976,BFSI01-02S
3667193018969,BFSI01-02G
3667193018952,BFSI01-01S
3667193018945,BFSI01-01G
3667193018938,WS04-10S
3667193018921,WS04-10G
3667193018914,WS04-09S
3667193018907,WS04-09G
3667193018891,WS04-08S
3667193018884,WS04-08G
3667193018877,WS04-07S
3667193018860,WS04-07G
3667193018853,WS04-06S
3667193018846,WS04-06G
3667193018839,WS04-05S
3667193018822,WS04-05G
3667193018815,WS04-04S
3667193018808,WS04-04G
3667193018792,WS04-03S
3667193018785,WS04-03G
3667193018778,WS04-02S
3667193018761,WS04-02G
3667193018754,WS04-01S
3667193018747,WS04-01G
3667193018730,WS01-10S
3667193018723,WS01-10G
3667193018716,WS01-09S
3667193018709,WS01-09G
3667193018693,WS01-08S
3667193018686,WS01-08G
3667193018679,WS01-07S
3667193018662,WS01-07G
3667193018655,WS01-06S
3667193018648,WS01-06G
3667193018631,WS01-05S
3667193018624,WS01-05G
3667193018617,WS01-04S
3667193018600,WS01-04G
3667193018594,WS01-03S
3667193018587,WS01-03G
3667193018570,WS01-02S
3667193018563,WS01-02G
3667193018556,WS01-01S
3667193018549,WS01-01G
3667193018532,BS10-13S
3667193018525,BS10-13G
3667193018518,BS10-12S
3667193018501,BS10-12G
3667193018495,BS10-11S
3667193018488,BS10-11G
3667193018471,BS10-10S
3667193018464,BS10-10G
3667193018457,BS10-09S
3667193018440,BS10-09G
3667193018433,BS10-08S
3667193018426,BS10-08G
3667193018419,BS10-07S
3667193018402,BS10-07G
3667193018396,BS10-06S
3667193018389,BS10-06G
3667193018372,BS10-05S
3667193018365,BS10-05G
3667193018358,BS10-04S
3667193018341,BS10-04G
3667193018334,BS10-03S
3667193018327,BS10-03G
3667193018310,BS10-02S
3667193018303,BS10-02G
3667193018297,BS10-01S
3667193018280,BS10-01G
3667193018273,BS07-13S
3667193018266,BS07-13G
3667193018259,BS07-12S
3667193018242,BS07-12G
3667193018235,BS07-11S
3667193018228,BS07-11G
3667193018211,BS07-10S
3667193018204,BS07-10G
3667193018198,BS07-09S
3667193018181,BS07-09G
3667193018174,BS07-08S
3667193018167,BS07-08G
3667193018150,BS07-07S
3667193018143,BS07-07G
3667193018136,BS07-06S
3667193018129,BS07-06G
3667193018112,BS07-05S
3667193018105,BS07-05G
3667193018099,BS07-04S
3667193018082,BS07-04G
3667193018075,BS07-03S
3667193018068,BS07-03G
3667193018051,BS07-02S
3667193018044,BS07-02G
3667193018037,BS07-01S
3667193018020,BS07-01G
3667193018013,BS04-13S
3667193018006,BS04-13G
3667193017993,BS04-12S
3667193017986,BS04-12G
3667193017979,BS04-11S
3667193017962,BS04-11G
3667193017955,BS04-10S
3667193017948,BS04-10G
3667193017931,BS04-09S
3667193017924,BS04-09G
3667193017917,BS04-08S
3667193017900,BS04-08G
3667193017894,BS04-07S
3667193017887,BS04-07G
3667193017870,BS04-06S
3667193017863,BS04-06G
3667193017856,BS04-05S
3667193017849,BS04-05G
3667193017832,BS04-04S
3667193017825,BS04-04G
3667193017818,BS04-03S
3667193017801,BS04-03G
3667193017795,BS04-02S
3667193017788,BS04-02G
3667193017771,BS04-01S
3667193017764,BS04-01G
3667193017757,BS01-13S
3667193017740,BS01-13G
3667193017733,BS01-12S
3667193017726,BS01-12G
3667193017719,BS01-11S
3667193017702,BS01-11G
3667193017696,BS01-10S
3667193017689,BS01-10G
3667193017672,BS01-09S
3667193017665,BS01-09G
3667193017658,BS01-08S
3667193017641,BS01-08G
3667193017634,BS01-07S
3667193017627,BS01-07G
3667193017610,BS01-06S
3667193017603,BS01-06G
3667193017597,BS01-05S
3667193017580,BS01-05G
3667193017573,BS01-04S
3667193017566,BS01-04G
3667193017559,BS01-03S
3667193017542,BS01-03G
3667193017535,BS01-02S
3667193017528,BS01-02G
3667193017511,BS01-01S
3667193017504,BS01-01G
3667193017498,FSI24-05
3667193017481,FSI24-04
3667193017474,FSI24-03
3667193017467,FSI24-02
3667193017450,FSI24-01
3667193017443,WS02-10S
3667193017436,WS02-10G
3667193017429,WS02-09S
3667193017412,WS02-09G
3667193017405,WS02-08S
3667193017399,WS02-08G
3667193017382,WS02-07S
3667193017375,WS02-07G
3667193017368,WS02-06S
3667193017351,WS02-06G
3667193017344,WS02-05S
3667193017337,WS02-05G
3667193017320,WS02-04S
3667193017313,WS02-04G
3667193017306,WS02-03S
3667193017290,WS02-03G
3667193017283,WS02-02S
3667193017276,WS02-02G
3667193017269,WS02-01S
3667193017252,WS02-01G
3667193017245,HM03-13S
3667193017238,HM03-13G
3667193017221,HM03-12S
3667193017214,HM03-12G
3667193017207,HM03-11S
3667193017191,HM03-11G
3667193017184,HM03-10S
3667193017177,HM03-10G
3667193017160,HM03-09S
3667193017153,HM03-09G
3667193017146,HM03-08S
3667193017139,HM03-08G
3667193017122,HM03-07S
3667193017115,HM03-07G
3667193017108,HM03-06S
3667193017092,HM03-06G
3667193017085,HM03-05S
3667193017078,HM03-05G
3667193017061,HM03-04S
3667193017054,HM03-04G
3667193017047,HM03-03S
3667193017030,HM03-03G
3667193017023,HM03-02S
3667193017016,HM03-02G
3667193017009,HM03-01S
3667193016996,HM03-01G
3667193016989,HM04-13S
3667193016972,HM04-13G
3667193016965,HM04-12S
3667193016958,HM04-12G
3667193016941,HM04-11S
3667193016934,HM04-11G
3667193016927,HM04-10S
3667193016910,HM04-10G
3667193016903,HM04-09S
3667193016897,HM04-09G
3667193016880,HM04-08S
3667193016873,HM04-08G
3667193016866,HM04-07S
3667193016859,HM04-07G
3667193016842,HM04-06S
3667193016835,HM04-06G
3667193016828,HM04-05S
3667193016811,HM04-05G
3667193016804,HM04-04S
3667193016798,HM04-04G
3667193016781,HM04-03S
3667193016774,HM04-03G
3667193016767,HM04-02S
3667193016750,HM04-02G
3667193016743,HM04-01S
3667193016736,HM04-01G
3667193016729,BS12-13S
3667193016712,BS12-13G
3667193016705,BS12-12S
3667193016699,BS12-12G
3667193016682,BS12-11S
3667193016675,BS12-11G
3667193016668,BS12-10S
3667193016651,BS12-10G
3667193016644,BS12-09S
3667193016637,BS12-09G
3667193016620,BS12-08S
3667193016613,BS12-08G
3667193016606,BS12-07S
3667193016590,BS12-07G
3667193016583,BS12-06S
3667193016576,BS12-06G
3667193016569,BS12-05S
3667193016552,BS12-05G
3667193016545,BS12-04S
3667193016538,BS12-04G
3667193016521,BS12-03S
3667193016514,BS12-03G
3667193016507,BS12-02S
3667193016491,BS12-02G
3667193016484,BS12-01S
3667193016477,BS12-01G
3667193016460,BS09-13S
3667193016453,BS09-13G
3667193016446,BS09-12S
3667193016439,BS09-12G
3667193016422,BS09-11S
3667193016415,BS09-11G
3667193016408,BS09-10S
3667193016392,BS09-10G
3667193016385,BS09-09S
3667193016378,BS09-09G
3667193016361,BS09-08S
3667193016354,BS09-08G
3667193016347,BS09-07S
3667193016330,BS09-07G
3667193016323,BS09-06S
3667193016316,BS09-06G
3667193016309,BS09-05S
3667193016293,BS09-05G
3667193016286,BS09-04S
3667193016279,BS09-04G
3667193016262,BS09-03S
3667193016255,BS09-03G
3667193016248,BS09-02S
3667193016231,BS09-02G
3667193016224,BS09-01S
3667193016217,BS09-01G
3667193016200,BS06-13S
3667193016194,BS06-13G
3667193016187,BS06-12S
3667193016170,BS06-12G
3667193016163,BS06-11S
3667193016156,BS06-11G
3667193016149,BS06-10S
3667193016132,BS06-10G
3667193016125,BS06-09S
3667193016118,BS06-09G
3667193016101,BS06-08S
3667193016095,BS06-08G
3667193016088,BS06-07S
3667193016071,BS06-07G
3667193016064,BS06-06S
3667193016057,BS06-06G
3667193016040,BS06-05S
3667193016033,BS06-05G
3667193016026,BS06-04S
3667193016019,BS06-04G
3667193016002,BS06-03S
3667193015999,BS06-03G
3667193015982,BS06-02S
3667193015975,BS06-02G
3667193015968,BS06-01S
3667193015951,BS06-01G
3667193015944,BS03-13S
3667193015937,BS03-13G
3667193015920,BS02-12S
3667193015913,BS03-12G
3667193015906,BS03-11S
3667193015890,BS03-11G
3667193015883,BS03-10S
3667193015876,BS03-10G
3667193015869,BS03-09S
3667193015852,BS03-09G
3667193015845,BS03-08S
3667193015838,BS03-08G
3667193015821,BS03-07S
3667193015814,BS03-07G
3667193015807,BS03-06S
3667193015791,BS03-06G
3667193015784,BS03-05S
3667193015777,BS03-05G
3667193015760,BS03-04S
3667193015753,BS03-04G
3667193015746,BS03-03S
3667193015739,BS03-03G
3667193015722,BS03-02S
3667193015715,BS03-02G
3667193015708,BS03-01S
3667193015692,BS03-01G
3667193015685,BS02-13S
3667193015678,BS02-13G
3667193015661,BS02-12S
3667193015654,BS02-12G
3667193015647,BS02-11S
3667193015630,BS02-11G
3667193015623,BS02-10S
3667193015616,BS02-10G
3667193015609,BS02-09S
3667193015593,BS02-09G
3667193015586,BS02-08S
3667193015579,BS02-08G
3667193015562,BS02-07S
3667193015555,BS02-07G
3667193015548,BS02-06S
3667193015531,BS02-06G
3667193015524,BS02-05S
3667193015517,BS02-05G
3667193015500,BS02-04S
3667193015494,BS02-04G
3667193015487,BS02-03S
3667193015470,BS02-03G
3667193015463,BS02-02S
3667193015456,BS02-02G
3667193015449,BS02-01S
3667193015432,BS02-01G
3667193003859,FSI18-07S
3667193003842,FSI18-07G
3667193003835,FSI18-06S
3667193003828,FSI18-06G
3667193003811,FSI18-05S
3667193003804,FSI18-05G
3667193003798,FSI18-04S
3667193003781,FSI18-04G
3667193003774,FSI18-03S
3667193003767,FSI18-03G
3667193003750,FSI18-02S
3667193003743,FSI18-02G
3667193003736,FSI18-01S
3667193003729,FSI18-01G
3667193015425,FSI06-10
3667193015418,FSI06-09
3667193015401,FSI06-08
3667193015395,FSI06-07
3667193015388,FSI06-06
3667193015371,FSI06-05
3667193015364,FSI06-04
3667193015357,FSI06-03
3667193015340,FSI06-02
3667193015333,FSI06-01
3667193015326,FSI02-10
3667193015319,FSI02-09
3667193015302,FSI02-08
3667193015296,FSI02-07
3667193015289,FSI02-06
3667193015272,FSI02-05
3667193015265,FSI02-04
3667193015258,FSI02-03
3667193015241,FSI02-02
3667193015234,FSI02-01
3667193015227,FSI05-10S
3667193015210,FSI05-10G
3667193015203,FSI05-09S
3667193015197,FSI05-09G
3667193015180,FSI05-08S
3667193015173,FSI05-08G
3667193015166,FSI05-07S
3667193015159,FSI05-07G
3667193015142,FSI05-06S
3667193015135,FSI05-06G
3667193015128,FSI05-05S
3667193015111,FSI05-05G
3667193015104,FSI05-04S
3667193015098,MFSI18-16S
3667193015081,FSI05-04G
3667193015074,MFSI18-15S
3667193015067,MFSI18-14S
3667193015050,FSI05-03S
3667193015043,MFSI18-13S
3667193015036,FSI05-03G
3667193015029,MFSI18-12S
3667193015012,FSI05-02S
3667193015005,MFSI18-11S
3667193014992,FSI05-02G
3667193014985,MFSI18-10S
3667193014978,MFSI18-09S
3667193014961,FSI05-01S
3667193014954,MFSI18-08S
3667193014947,FSI05-01G
3667193014930,MFSI18-07S
3667193014923,MFSI18-06S
3667193014916,MFSI18-05S
3667193014909,MFSI18-04S
3667193014893,FSI68-08
3667193014886,MFSI18-03S
3667193014879,MFSI18-02S
3667193014862,FSI68-07
3667193014855,MFSI18-01S
3667193014848,FSI68-06
3667193014831,FSI68-05
3667193014824,FSI68-04
3667193014817,FSI68-03
3667193014800,FSI68-02
3667193014794,FSI68-01
3667193014787,MFSI15-16S
3667193014770,MFSI15-16G
3667193014763,MFSI15-15S
3667193014756,MFSI15-15G
3667193014749,MFSI15-14S
3667193014732,MFSI15-14G
3667193014725,MFSI15-13S
3667193014718,MFSI15-13G
3667193014701,MFSI15-12S
3667193014695,MFSI15-12G
3667193014688,MFSI15-11S
3667193014671,MFSI15-11G
3667193014664,MFSI15-10S
3667193014657,MFSI15-10G
3667193014640,MFSI15-09S
3667193014633,MFSI15-09G
3667193014626,MFSI15-08S
3667193014619,MFSI15-08G
3667193014602,MFSI15-07S
3667193014596,MFSI15-07G
3667193014589,MFSI15-06S
3667193014572,MFSI15-06G
3667193014565,MFSI15-05S
3667193014558,MFSI15-05G
3667193014541,MFSI15-04S
3667193014534,MFSI15-04G
3667193014527,MFSI15-03S
3667193014510,MFSI15-03G
3667193014503,MFSI15-02S
3667193014497,BFSI15 - Tube 30 cm
3667193014480,BFSI15 - Tube 40 cm
3667193014473,MFSI15-02G
3667193014466,BFSI14 - Tube 30 cm
3667193014459,MFSI15-01S
3667193014442,BFSI14 - Tube 40 cm
3667193014435,BFSI13 - Tube 30 cm
3667193014428,MFSI15-01G
3667193014411,BFSI13 - Tube 40 cm
3667193014404,BFSI12 - Tube 30 cm
3667193014398,BFSI12 - Tube 40 cm
3667193014381,BFSI11 - Tube 30 cm
3667193014374,BFSI11 - Tube 40 cm
3667193014367,BFSI10 - Tube 30 cm
3667193014350,BFSI10 - Tube 40 cm
3667193014343,BFSI09 - Tube 30 cm
3667193014336,BFSI09 - Tube 40 cm
3667193014329,BFSI08 - Tube 30 cm
3667193014312,BFSI08 - Tube 40 cm
3667193014305,BFSI07 - Tube 30 cm
3667193014299,BFSI07 - Tube 40 cm
3667193014282,BFSI06 - Tube 30 cm
3667193014275,BFSI06 - Tube 40 cm
3667193014268,BFSI05 - Tube 30 cm
3667193014251,BFSI05 - Tube 40 cm
3667193014244,BFSI04 - Tube 30 cm
3667193014237,BFSI04 - Tube 40 cm
3667193014220,BFSI03 - Tube 30 cm
3667193014213,BFSI03 - Tube 40 cm
3667193014206,BFSI02 - Tube 30 cm
3667193014190,BFSI02 - Tube 40 cm
3667193014183,BFSI01 - Tube 30 cm
3667193014176,BFSI01 - Tube 40 cm
3667193014169,BS12 - Tube 30 cm
3667193014152,BS12 - Tube 40 cm
3667193014145,BS11 - Tube 30 cm
3667193014138,BS11 - Tube 40 cm
3667193014121,BS10 - Tube 30 cm
3667193014114,BS10 - Tube 40 cm
3667193014107,BS09 - Tube 30 cm
3667193014091,BS09 - Tube 40 cm
3667193014084,BS08 - Tube 30 cm
3667193014077,BS08 - Tube 40 cm
3667193014060,BS07 - Tube 30 cm
3667193014053,BS07 - Tube 40 cm
3667193014046,BS06 - Tube 30 cm
3667193014039,MFSI17-08S
3667193014022,BS06 - Tube 40 cm
3667193014015,MFSI17-07S
3667193014008,MFSI17-06S
3667193013995,MFSI17-05S
3667193013988,BS05 - Tube 30 cm
3667193013971,MFSI17-04S
3667193013964,BS05 - Tube 40 cm
3667193013957,MFSI17-03S
3667193013940,BS04 - Tube 30 cm
3667193013933,BS04 - Tube 40 cm
3667193013926,MFSI17-02S
3667193013919,FSI67-08B
3667193013902,MFSI17-01S
3667193013896,FSI67-08A
3667193013889,BS03 - Tube 30 cm
3667193013872,FSI67-07B
3667193013865,BS03 - Tube 40 cm
3667193013858,BS02 - Tube 30 cm
3667193013841,BS02 - Tube 40 cm
3667193013834,FSI67-07A
3667193013827,BS01 - Tube 30 cm
3667193013810,BS01 - Tube 40 cm
3667193013803,FSI67-06B
3667193013797,FSI67-06A
3667193013773,FSI67-05A
3667193013780,FSI67-05B
3667193013766,FSI67-04B
3667193013759,FSI67-04A
3667193013742,FSI67-03B
3667193013735,FSI67-03A
3667193013704,FSI67-01B
3667193013711,FSI67-02A
3667193013728,FSI67-02B
3667193013698,MFSI16-06S
3667193013681,FSI67-01A
3667193013674,MFSI16-06G
3667193013667,MFSI16-05S
3667193013650,FSI09 - 1 Crochet 5
3667193013643,MFSI16-05G
3667193013636,MFSI16-04S
3667193013629,FSI08 - 1 Crochet 5
3667193013612,MFSI16-04G
3667193013605,MFSI16-03S
3667193013599,MFSI16-03G
3667193013582,MFSI16-02S
3667193013575,MFSI16-02G
3667193013568,MFSI16-01S
3667193013551,MFSI16-01G
3667193013544,FSI20_3 - 1 Crochet 8
3667193013537,FSI20_2 - 1 Crochet 8
3667193013520,FSI20_1 - 1 Crochet 8
3667193013513,FSI06 - Tube 30 cm
3667193013506,FSI06 - Tube 40 cm
3667193013490,FSI19 - Tube 40 cm
3667193013483,FSI53 - Tube 30 cm
3667193013476,FSI53 - Tube 40 cm
3667193013469,FSI18 - Tube 30 cm
3667193013452,FSI18 - Tube 40 cm
3667193013445,FSI02 - Tube 30 cm
3667193013438,FSI02 - Tube 40 cm
3667193013421,FSI05 - Tube 30 cm
3667193013414,FSI05 - Tube 40 cm
3667193013407,FSI68 - Tube 30 cm
3667193013391,FSI68 - Tube 40 cm
3667193013384,FSI67 - Tube 30 cm
3667193013377,FSI67 - Tube 40 cm
3667193013360,MFSI14-16S
3667193013353,FSI60 - Tube 30 cm
3667193013346,MFSI14-16G
3667193013339,MFSI14-15S
3667193013315,MFSI14-15G
3667193013308,MFSI14-14S
3667193013292,MFSI14-14G
3667193013285,MFSI14-13S
3667193013278,MFSI14-13G
3667193013261,MFSI14-12S
3667193013254,MFSI14-12G
3667193013247,MFSI14-11S
3667193013230,MFSI14-11G
3667193013223,MFSI14-10S
3667193013216,MFSI14-10G
3667193013209,MFSI14-09S
3667193013193,MFSI14-09G
3667193013186,MFSI14-08S
3667193013179,MFSI14-08G
3667193013162,MFSI14-07S
3667193013155,MFSI14-07G
3667193012820,MFSI22 - Tube 40 cm
3667193012813,MFSI21 - Tube 40 cm
3667193013148,MFSI14-06S
3667193013131,MFSI14-06G
3667193012806,MFSI20 - Tube 40 cm
3667193013124,MFSI14-05S
3667193013117,MFSI14-05G
3667193012790,MFSI19 - Tube 40 cm
3667193013100,MFSI14-04S
3667193013094,MFSI16 - Tube 30 cm
3667193013087,MFSI14-04G
3667193013070,MFSI16 - Tube 40 cm
3667193013063,MFSI15 - Tube 30 cm
3667193013056,MFSI14-03S
3667193013049,MFSI15 - Tube 40 cm
3667193013032,MFSI14 - Tube 30 cm
3667193013025,MFSI14-03G
3667193013018,MFSI14 - Tube 40 cm
3667193013001,MFSI14-02S
3667193012998,MFSI13 - Tube 30 cm
3667193012981,MFSI14-02G
3667193012974,MFSI13 - Tube 40 cm
3667193012967,MFSI14-01S
3667193012608,MFSI12 - Tube 30 cm
3667193012592,MFSI12 - Tube 40 cm
3667193012585,MFSI11 - Tube 30 cm
3667193012950,MFSI14-01G
3667193012578,MFSI11 - Tube 40 cm
3667193012561,MFSI10 - Tube 30 cm
3667193012554,MFSI10 - Tube 40 cm
3667193012547,MFSI09 - Tube 30 cm
3667193012530,MFSI09 - Tube 40 cm
3667193012523,MFSI08 - Tube 30 cm
3667193012516,MFSI08 - Tube 40 cm
3667193012509,MFSI07 - Tube 30 cm
3667193012493,MFSI07 - Tube 40 cm
3667193012486,MFSI06 - Tube 30 cm
3667193012479,MFSI06 - Tube 40 cm
3667193012462,MFSI05 - Tube 30 cm
3667193012295,MS13 - Tube 30 cm
3667193012288,MS13 - Tube 40 cm
3667193012257,MS12 - Tube 30 cm
3667193012240,MS12 - Tube 40 cm
3667193012219,MS11 - Tube 30 cm
3667193012202,MS11 - Tube 40 cm
3667193012158,MS10 - Tube 40 cm
3667193012127,MS09 - Tube 40 cm
3667193012080,MS08 - Tube 40 cm
3667193012042,MS07 - Tube 40 cm
3667193012011,MS06 - Tube 40 cm
3667193011946,MS05 - Tube 40 cm
3667193011892,MS04 - Tube 40 cm
3667193011854,MS03 - Tube 40 cm
3667193011779,MS02 - Tube 40 cm
3667193011748,MS01 - Tube 40 cm
3667193012943,MFSI13-06S
3667193012936,MFSI13-06G
3667193012929,MFSI13-05S
3667193012912,MFSI13-05G
3667193012905,MFSI13-04S
3667193012899,MFSI13-04G
3667193012882,MFSI13-03S
3667193012875,MFSI13-03G
3667193012868,MFSI13-02S
3667193012851,MFSI13-02G
3667193012844,MFSI13-01S
3667193012837,MFSI13-01G
3667193012783,MFSI18 - Tube Chic 30 cm
3667193012776,MFSI17 - Tube Chic 30 cm
3667193012769,MFSI12-08S
3667193012752,MFSI12-08G
3667193012745,MFSI12-07S
3667193012738,MFSI12-07G
3667193012721,MFSI12-06S
3667193012714,MFSI12-05G
3667193012707,MFSI12-05S
3667193012691,MFSI12-05G
3667193012684,MFSI12-04S
3667193012677,MFSI12-04G
3667193012660,MFSI12-03S
3667193012653,MFSI12-03G
3667193012646,MFSI12-02S
3667193012639,MFSI12-02G
3667193012622,MFSI12-01S
3667193012615,MFSI12-01G
3667193012394,MFSI11-10S
3667193012363,MFSI11-10G
3667193012349,MFSI11-09S
3667193012332,MFSI11-09G
3667193012325,MFSI11-08S
3667193012318,MS14 - Tube 30 cm
3667193012301,MS14 - Tube 40 cm
3667193012271,MFSI11-08G
3667193012264,MFSI11-07S
3667193012233,MFSI11-07G
3667193012226,MFSI11-06S
3667193012196,MFSI11-06G
3667193012189,MFSI11-05S
3667193012172,MFSI05-09S
3667193012165,MS10 - Tube 30 cm
3667193012141,MFSI11-05G
3667193012134,MS09 - Tube 30 cm
3667193012110,MFSI11-04S
3667193012103,MFSI11-04G
3667193012097,MS08 - Tube 30 cm
3667193012073,MFSI11-03S
3667193012066,MS07 - Tube 30 cm
3667193012059,MFSI11-03G
3667193012035,MFSI11-02S
3667193012028,MS06 - Tube 30 cm
3667193012004,MFSI11-02G
3667193011991,MFSI11-01S
3667193011984,MFSI05-10S
3667193011977,MS05 - Tube 30 cm
3667193011960,MFSI11-01G
3667193011953,MFSI05-10G
3667193011939,MFSI05-09G
3667193011922,MFSI05-08S
3667193011915,MS04 - Tube 30 cm
3667193011908,MFSI05-08G
3667193011885,MFSI05-07S
3667193011878,MS03 - Tube 30 cm
3667193011861,MFSI05-07G
3667193011847,MFSI05-06S
3667193011830,MFSI05-06G
3667193011823,MFSI05-05S
3667193011816,MFSI05-05G
3667193011809,MFSI05-04S
3667193011793,MFSI05-04G
3667193011786,MS02 - Tube 30 cm
3667193011762,MFSI05-03S
3667193011755,MS01 - Tube 30 cm
3667193011731,MFSI05-03G
3667193011724,MFSI05-02S
3667193011717,MFSI05-02G
3667193011700,MFSI05-01S
3667193011694,MFSI05-01G
3667193011687,FSI19-2
3667193011670,FSI19-1
3667193011663,MFSI09-08S
3667193011656,MFSI09-08G
3667193011649,JL01-3
3667193011632,MFSI09-07S
3667193011625,JL01-2
3667193011618,MFSI09-07G
3667193011601,MFSI09-06S
3667193011595,MFSI09-06G
3667193011588,JL01-1
3667193011571,MFSI09-05S
3667193011564,MFSI09-05G
3667193011557,JL02-3
3667193011540,MFSI09-04S
3667193011533,MFSI09-04G
3667193011526,JL02-1
3667193011519,MFSI09-03S
3667193011502,JL02-2
3667193011496,MFSI09-03G
3667193011489,MFSI09-02S
3667193011472,MFSI09-02G
3667193011465,MFSI09-01S
3667193011458,MFSI09-01G
3667193011441,FSI20_4 (Blue)
3667193011434,FSI20_3
3667193011427,FSI20_2
3667193011410,FSI20_1
3667193011403,MFSI08-06S
3667193011397,MFSI08-06G
3667193011380,MFSI08-05S
3667193011373,MFSI08-05G
3667193011366,FSI01-10
3667193011359,MFSI08-04S
3667193011342,FSI01-09
3667193011335,MFSI08-04G
3667193011328,FSI01-08
3667193011311,FSI01-07
3667193011304,FSI01-06
3667193011298,MFSI08-03S
3667193011281,FSI01-05
3667193011274,FSI01-04
3667193011267,FSI01-03
3667193011250,MFSI08-03G
3667193011243,FSI01-02
3667193011236,FSI01-01
3667193011229,MFSI08-02S
3667193011212,MFSI08-02G
3667193011205,MFSI08-01S
3667193011199,MFSI08-01G
3667193011182,BV55 - 5 Crochets 100
3667193011175,BV55 - 1 Crochet 20
3667193011168,BV55 - Unité
3667193011151,BV74 - 5 Crochets 100
3667193011144,BV74 - 1 Crochet 20
3667193011137,BV74 - Unité
3667193011120,BV84 - 5 Crochets 100
3667193011113,BV84 - 1 Crochet 20
3667193011106,BV84 - Unité
3667193011090,BV02 - 5 Crochets 100
3667193011083,BV02 - 1 Crochet 20
3667193011076,BV02 - Unité
3667193011069,BV11 - 5 Crochets 100
3667193011052,BV11 - 1 Crochet 20
3667193011045,BV11 - Unité
3667193011038,BV10 - 5 Crochets 100
3667193011021,BV10 - 1 Crochet 20
3667193011014,BV10 - Unité
3667193011007,BV09 - 5 Crochets 100
3667193010994,BV09 - 1 Crochet 20
3667193010987,BV09 - Unité
3667193010970,BV08 - 5 Crochets 100
3667193010963,BV08 - 1 Crochet 20
3667193010956,BV08 - Unité
3667193010949,BV07 - 5 Crochets 100
3667193010932,BV07 - 1 Crochet 20
3667193010925,BV07 - Unité
3667193010918,BV06 - 5 Crochets 100
3667193010901,BV06 - 1 Crochet 20
3667193010895,BV06 - Unité
3667193010888,BV05 - 5 Crochets 100
3667193010871,BV05 - 1 Crochet 20
3667193010864,BV05 - Unité
3667193010857,BV04 - 5 Crochets 100
3667193010840,BV04 - 1 Crochet 20
3667193010833,BV04 - Unité
3667193010826,BV03 - 5 Crochets 100
3667193010819,BV03 - 1 Crochet 20
3667193010802,BV03 - Unité
3667193010796,BV34 - 5 Crochets 100
3667193010789,BV34 - 1 Crochet 20
3667193010772,BV34 - Unité
3667193010765,BV86 - 5 Crochets 100
3667193010758,BV86 - 1 Crochet 20
3667193010741,BV86 - Unité
3667193010734,MFSI04-10S
3667193010727,BV85 - 5 Crochets 100
3667193010710,BV85 - 1 Crochet 20
3667193010703,MFSI04-10G
3667193010697,BV85 - Unité
3667193010680,MFSI04-09S
3667193010673,BV83 - 5 Crochets 100
3667193010666,MFSI04-09G
3667193010659,BV83 - 1 Crochet 20
3667193010642,BV83 - Unité
3667193010635,MFSI04-08S
3667193010628,MFSI04-08G
3667193010611,MFSI04-07S
3667193010604,BV82 - 5 Crochets 100
3667193010598,BV82 - 1 Crochet 20
3667193010581,MFSI04-07G
3667193010574,BV82 - Unité
3667193010567,MFSI04-06S
3667193010550,BV81 - 5 Crochets 100
3667193010543,BV81 - 1 Crochet 20
3667193010536,BV81 - Unité
3667193010529,BV78 - 5 Crochets 100
3667193010512,MFSI04-06G
3667193010505,BV78 - 1 Crochet 20
3667193010499,MFSI04-05S
3667193010482,BV78 - Unité
3667193010475,MFSI04-05G
3667193010468,BV80 - 5 Crochets 100
3667193010451,MFSI04-04S
3667193010444,BV80 - 1 Crochet 20
3667193010437,BV80 - Unité
3667193010420,MFSI04-04G
3667193010413,BV79 - 5 Crochets 100
3667193010406,MFSI04-03S
3667193010390,BV79 - 1 Crochet 20
3667193010383,BV79 - Unité
3667193010376,MFSI04-03G
3667193010369,BV77 - 5 Crochets 100
3667193010352,BV77 - 1 Crochet 20
3667193010345,MFSI04-02S
3667193010338,BV77 - Unité
3667193010321,BV76 - 5 Crochets 100
3667193010314,MFSI04-02G
3667193010307,BV76 - 1 Crochet 20
3667193010291,MFSI04-01S
3667193010284,BV76 - Unité
3667193010277,BV75 - 5 Crochets 100
3667193010260,MFSI04-01G
3667193010253,BV75 - 1 Crochet 20
3667193010246,BV75 - Unité
3667193010239,MFSI07-08S
3667193010222,BV72 - 5 Crochets 100
3667193010215,MFSI07-08G
3667193010208,BV72 - 1 Crochet 20
3667193010192,MFSI07-07S
3667193010185,BV72 - Unité
3667193010178,MFSI07-07G
3667193010161,BV73 - 5 Crochets 100
3667193010154,MFSI07-06S
3667193010147,BV73 - 1 Crochet 20
3667193010130,MFSI07-06G
3667193010123,BV73 - Unité
3667193010116,MFSI07-05S
3667193010109,MFSI07-05G
3667193010093,BV71 - 5 Crochets 100
3667193010086,BV71 - 1 Crochet 20
3667193010079,MFSI07-04S
3667193010062,BV71 - Unité
3667193010055,MFSI07-04G
3667193010048,BV68 - 5 Crochets 100
3667193010031,MFSI07-03S
3667193010024,BV68 - 1 Crochet 20
3667193010017,MFSI07-03G
3667193010000,BV68 - Unité
3667193009998,MFSI07-02S
3667193009981,BV70 - 5 Crochets 100
3667193009974,BV70 - 1 Crochet 20
3667193009967,MFSI07-02G
3667193009950,BV70 - Unité
3667193009943,BV69 - 5 Crochets 100
3667193009936,BV69 - 1 Crochet 20
3667193009929,BV69 - Unité
3667193009912,MFSI07-01S
3667193009905,BV67 - 5 Crochets 100
3667193009899,MFSI07-01G
3667193009882,BV67 - 1 Crochet 20
3667193009875,BV67 - Unité
3667193009868,BV66 - 5 Crochets 100
3667193009851,BV66 - 1 Crochet 20
3667193009844,BV66 - Unité
3667193009837,BV65 - 5 Crochets 100
3667193009820,BV65 - 1 Crochet 20
3667193009813,BV65 - Unité
3667193009806,BV64 - 5 Crochets 100
3667193009790,BV64 - 1 Crochet 20
3667193009783,BV64 - Unité
3667193009776,BV63 - 5 Crochets 100
3667193009769,BV63 - 1 Crochet 20
3667193009752,BV63 - Unité
3667193009745,BV62 - 5 Crochets 100
3667193009738,BV62 - 1 Crochet 20
3667193009721,BV62 - Unité
3667193009714,BV61 - 5 Crochets 100
3667193009707,BV61 - 1 Crochet 20
3667193009691,BV61 - Unité
3667193009684,BV60 - 5 Crochets 100
3667193009677,BV60 - 1 Crochet 20
3667193009660,BV60 - Unité
3667193009653,BV59 - 5 Crochets 100
3667193009646,BV59 - 1 Crochet 20
3667193009639,BV59 - Unité
3667193009622,BV58 - 5 Crochets 100
3667193009615,BV58 - 1 Crochet 20
3667193009608,BV58 - Unité
3667193009592,BV57 - 5 Crochets 100
3667193009585,BV57 - 1 Crochet 20
3667193009578,BV57 - Unité
3667193009561,BV56 - 5 Crochets 100
3667193009554,BV56 - 1 Crochet 20
3667193009547,BV56 - Unité
3667193009530,BV54 - 5 Crochets 100
3667193009523,BV54 - 1 Crochet 20
3667193009516,BV54 - Unité
3667193009509,MFSI03-08S
3667193009493,BV53 - 5 Crochets 100
3667193009486,BV53 - 1 Crochet 20
3667193009479,BV53 - Unité
3667193009462,MFSI03-08G
3667193009455,BV52 - 5 Crochets 100
3667193009448,BV52 - 1 Crochet 20
3667193009431,MFSI03-07S
3667193009424,MFSI01-16S
3667193009417,BV52 - Unité
3667193009400,MFSI01-16G
3667193009394,MFSI03-07G
3667193009387,BV51 - 5 Crochets 100
3667193009370,MFSI01-15S
3667193009363,BV51 - 1 Crochet 20
3667193009356,MFSI03-06S
3667193009349,MFSI01-15G
3667193009332,BV51 - Unité
3667193009325,MFSI01-14S
3667193009318,BV50 - 5 Crochets 100
3667193009301,MFSI03-06G
3667193009295,MFSI01-14G
3667193009288,BV50 - 1 Crochet 20
3667193009271,MFSI01-13S
3667193009264,BV50 - Unité
3667193009257,MFSI01-13G
3667193009240,MFSI06-08S
3667193009233,MFSI01-12S
3667193009226,BV49 - 5 Crochets 100
3667193009219,MFSI06-08G
3667193009202,BV49 - 1 Crochet 20
3667193009196,MFSI01-12G
3667193009189,MFSI06-07S
3667193009172,BV49 - Unité
3667193009165,MFSI01-11S
3667193009158,MFSI06-07G
3667193009141,MFSI01-11G
3667193009134,BV48 - 5 Crochets 100
3667193009127,MFSI06-06S
3667193009110,MFSI01-10S
3667193009103,MFSI06-06G
3667193009097,MFSI01-10G
3667193009080,MFSI06-05S
3667193009073,MFSI06-05G
3667193009066,MFSI01-09S
3667193009059,MFSI03-05S
3667193009028,MFSI01-09G
3667193009042,BV48 - 1 Crochet 20
3667193009035,MFSI06-04S
3667193009011,BV48 - Unité
3667193009004,MFSI06-04G
3667193008991,MFSI03-05G
3667193008984,MFSI01-08S
3667193008977,BV47 - 5 Crochets 100
3667193008960,MFSI06-03S
3667193008953,BV47 - 1 Crochet 20
3667193008946,MFSI01-08G
3667193008939,MFSI03-04S
3667193008922,BV47 - Unité
3667193008915,MFSI01-07S
3667193008908,MFSI06-03G
3667193008892,BV46 - 5 Crochets 100
3667193008885,MFSI01-07G
3667193008878,MFSI03-04G
3667193008861,MFSI06-02S
3667193008854,BV46 - 1 Crochet 20
3667193008847,MFSI01-06S
3667193008830,BV46 - Unité
3667193008823,MFSI06-02G
3667193008816,MFSI01-06G
3667193008809,BV45 - 5 Crochets 100
3667193008793,MFSI01-05S
3667193008786,BV45 - 1 Crochet 20
3667193008779,MFSI03-03S
3667193008762,MFSI06-01S
3667193008755,BV45 - Unité
3667193008748,MFSI01-05G
3667193008731,MFSI03-03G
3667193008724,MFSI06-01G
3667193008717,BV44 - 5 Crochets 100
3667193008700,MFSI01-04S
3667193008694,BV44 - 1 Crochet 20
3667193008687,MFSI01-04G
3667193008670,MFSI03-02S
3667193008663,BV44 - Unité
3667193008656,MFSI01-03S
3667193008649,BV43 - 5 Crochets 100
3667193008632,MFSI01-03G
3667193008625,MFSI03-02G
3667193008618,BV43 - 1 Crochet 20
3667193008601,MFSI01-02S
3667193008595,MFSI01-02G
3667193008588,MFSI03-01S
3667193008571,MFSI01-01S
3667193008564,BV43 - Unité
3667193008557,BV42 - 5 Crochets 100
3667193008458,MFSI03-01G
3667193008540,MFSI01-01G
3667193008533,BV42 - 1 Crochet 20
3667193008526,BV42 - Unité
3667193008519,BV41 - 5 Crochets 100
3667193008502,BV41 - 1 Crochet 20
3667193008496,BV41 - Unité
3667193008489,BV20 - 5 Crochets 100
3667193008472,BV20 - 1 Crochet 20
3667193008465,BV20 - Unité
3667193008441,BV19 - 5 Crochets 100
3667193008434,BV19 - 1 Crochet 20
3667193008427,BV19 - Unité
3667193008410,BV18 - 5 Crochets 100
3667193008403,BV18 - 1 Crochet 20
3667193008397,BV18 - Unité
3667193008380,BV17 - 5 Crochets 100
3667193008373,BV17 - 1 Crochet 20
3667193008366,BV17 - Unité
3667193008359,BV16 - 5 Crochets 100
3667193008342,BV16 - 1 Crochet 20
3667193008335,BV16 - Unité
3667193008328,BV15 - 5 Crochets 100
3667193008311,BV15 - 1 Crochet 20
3667193008304,BV15 - Unité
3667193008298,MFSI02-08S
3667193008281,MFSI02-08G
3667193008274,MFSI02-07S
3667193008267,MFSI02-07G
3667193008250,MFSI02-06S
3667193008243,MFSI02-06G
3667193008236,MFSI02-05S
3667193008229,MFSI02-05G
3667193008212,MFSI02-04S
3667193008205,MFSI02-04G
3667193008199,MFSI02-03S
3667193008182,MFSI02-03G
3667193008175,MFSI02-02S
3667193008168,MFSI02-02G
3667193008151,MFSI02-01S
3667193008144,MFSI02-01G
3667193008137,BV14 - 5 Crochets 100
3667193008120,BV14 - 1 Crochet 20
3667193008113,BV14 - Unité
3667193008106,BV13 - 5 Crochets 100
3667193008090,BV13 - 1 Crochet 20
3667193008083,BV13 - Unité
3667193008076,BV12 - 5 Crochets 100
3667193008069,BV12 - 1 Crochet 20
3667193008052,BV12 - Unité
3667193008045,BV01 - 5 Crochets 100
3667193008038,BV01 - 1 Crochet 20
3667193008021,BV01 - Unité
3667193008014,BV40 - 5 Crochets 100
3667193008007,BV40 - 1 Crochet 20
3667193007994,BV40 - Unité
3667193007987,BV39 - 5 Crochets 100
3667193007970,BV39 - 1 Crochet 20
3667193007963,BV39 - Unité
3667193007956,BV38 - 5 Crochets 100
3667193007949,BV38 - 1 Crochet 20
3667193007932,BV38 - Unité
3667193007925,BV37 - 5 Crochets 100
3667193007918,BV37 - 1 Crochet 20
3667193007901,BV37 - Unité
3667193007895,BV36 - 5 Crochets 100
3667193007888,BV36 - 1 Crochet 20
3667193007871,BV36 - Unité
3667193007864,BV35 - 5 Crochets 100
3667193007857,BV35 - 1 Crochet 20
3667193007840,BV35 - Unité
3667193007833,BV33 - 5 Crochets 100
3667193007826,BV33 - 1 Crochet 20
3667193007819,BV33 - Unité
3667193007802,BV32 - 5 Crochets 100
3667193007796,BV32 - 1 Crochet 20
3667193007789,BV32 - Unité
3667193007772,BV31 - 5 Crochets 100
3667193007765,BV31 - 1 Crochet 20
3667193007758,BV31 - Unité
3667193007741,BV30 - 5 Crochets 100
3667193007734,BV30 - 1 Crochet 20
3667193007727,BV30 - Unité
3667193007710,MS10-02S
3667193007703,MS10-07S
3667193007697,BV29 - 5 Crochets 100
3667193007680,BV29 - 1 Crochet 20
3667193007673,BV29 - Unité
3667193007666,BV28 - 5 Crochets 100
3667193007659,BV28 - 1 Crochet 20
3667193007642,BV28 - Unité
3667193007635,MS10-13S
3667193007628,MS10-13G
3667193007611,BV27 - 5 Crochets 100
3667193007604,BV27 - 1 Crochet 20
3667193007598,MS10-12S
3667193007581,MS10-12G
3667193007574,BV27 - Unité
3667193007567,MS10-11S
3667193007550,BV26 - 5 Crochets 100
3667193007543,BV26 - 1 Crochet 20
3667193007536,BV26 - Unité
3667193007529,BV25 - 5 Crochets 100
3667193007512,BV25 - 1 Crochet 20
3667193007505,BV25 - Unité
3667193007499,MS10-11G
3667193007482,MS10-10S
3667193007475,BV24 - 5 Crochets 100
3667193007468,MS10-10G
3667193007451,BV24 - 1 Crochet 20
3667193007444,MS10-09S
3667193007437,BV24 - Unité
3667193007420,BV23 - 5 Crochets 100
3667193007413,MS03-13S
3667193007406,BV23 - 1 Crochet 20
3667193007390,BV23 - Unité
3667193007383,MS03-13G
3667193007376,MS03-12S
3667193007369,BV22 - 5 Crochets 100
3667193007352,BV22 - 1 Crochet 20
3667193007345,MS03-12G
3667193007338,MS03-11S
3667193007321,BV22 - Unité
3667193007314,MS03-11G
3667193007307,BV21 - 5 Crochets 100
3667193007291,BV21 - 1 Crochet 20
3667193007284,BV21 - Unité
3667193007277,MS03-10S
3667193007260,MS03-10G
3667193007253,MS03-09S
3667193007246,MS03-09G
3667193007239,MS03-08S
3667193007222,MS03-08G
3667193007215,BVC45 - 5 Crochets 100
3667193007208,BVC45 - 1 Crochet 20
3667193007192,BVC45 - Unité
3667193007185,BVC43 - 5 Crochets 100
3667193007178,BVC43 - 1 Crochet 20
3667193007161,BVC43 - Unité
3667193007154,BVC38 - 5 Crochets 100
3667193007147,BVC38 - 1 Crochet 20
3667193007130,BVC38 - Unité
3667193007123,BVC34 - 5 Crochets 100
3667193007116,MS03-07S
3667193007109,BVC34 - 1 Crochet 20
3667193007093,BVC34 - Unité
3667193007086,MS03-07G
3667193007079,BVC28 - 5 Crochets 100
3667193007062,MS03-06S
3667193007055,BVC28 - 1 Crochet 20
3667193007048,MS03-06G
3667193007031,BVC28 - Unité
3667193007024,MS03-05S
3667193007017,BVC27 - 5 Crochets 100
3667193007000,MS03-05G
3667193006997,BVC27 - 1 Crochet 20
3667193006980,BVC27 - Unité
3667193006973,MS03-04S
3667193006966,MS03-04G
3667193006959,BVC26 - 5 Crochets 100
3667193006942,MS03-03S
3667193006935,BVC26 - 1 Crochet 20
3667193006928,BVC26 - Unité
3667193006911,MS03-03G
3667193006904,BVC22 - 5 Crochets 100
3667193006898,BVC22 - 1 Crochet 20
3667193006881,MS03-02S
3667193006874,BVC22 - Unité
3667193006867,MS03-02G
3667193006850,BVC20 - 5 Crochets 100
3667193006843,MS03-01S
3667193006836,BVC20 - 1 Crochet 20
3667193006829,BVC20 - Unité
3667193006812,MS03-01G
3667193006805,BVC19 - 5 Crochets 100
3667193006799,BVC19 - 1 Crochet 20
3667193006782,BVC19 - Unité
3667193006775,BVC17 - 5 Crochets 100
3667193006768,BVC17 - 1 Crochet 20
3667193006751,MS10-09G
3667193006744,BVC17 - Unité
3667193006737,BVC16 - 5 Crochets 100
3667193006720,MS10-08S
3667193006713,MS10-08G
3667193006706,BVC16 - 1 Crochet 20
3667193006690,MS10-07G
3667193006683,BVC16 - Unité
3667193006676,BVC14 - 5 Crochets 100
3667193006669,MS10-06S
3667193006652,BVC14 - 1 Crochet 20
3667193006645,BVC14 - Unité
3667193006591,MS10-06G
3667193006638,BVC12 - 5 Crochets 100
3667193006621,BVC12 - 1 Crochet 20
3667193006614,MS10-05G
3667193006607,MS10-05S
3667193006584,BVC12 - Unité
3667193006577,BVC11 - 5 Crochets 100
3667193006560,BVC11 - 1 Crochet 20
3667193006553,BVC11 - Unité
3667193006546,BVC10 - 5 Crochets 100
3667193006539,MS10-04S
3667193006522,BVC10 - 1 Crochet 20
3667193006515,MS10-04G
3667193006508,BVC10 - Unité
3667193006492,BVC07 - 5 Crochets 100
3667193006485,MS10-03S
3667193006478,BVC07 - 1 Crochet 20
3667193006461,MS10-03G
3667193006454,BVC07 - Unité
3667193006447,MS10-02G
3667193006430,BVC06 - 5 Crochets 100
3667193006423,MS10-01S
3667193006416,BVC06 - 1 Crochet 20
3667193006409,MS10-01G
3667193006393,BVC06 - Unité
3667193006386,BVC02 - 5 Crochets 100
3667193006379,BVC02 - 1 Crochet 20
3667193006362,BVC02 - Unité
3667193006355,BVC01 - 5 Crochets 100
3667193006348,BVC01 - 1 Crochet 20
3667193006331,BVC01 - Unité
3667193006324,MS05-13S
3667193006317,MS05-13G
3667193006300,MS05-12S
3667193006294,BVE-39 - 5 Crochets 100
3667193006287,BVE-39 - 1 Crochet 20
3667193006270,MS05-12G
3667193006263,BVE-39 - Unité
3667193006256,MS05-11S
3667193006249,BVE-34 - 5 Crochets 100
3667193006232,MS05-11G
3667193006225,BVE-34 - 1 Crochet 20
3667193006218,MS05-10S
3667193006201,BVE-34 - Unité
3667193006195,MS05-10G
3667193006188,BVE-32 - 5 Crochets 100
3667193006171,MS05-09S
3667193006164,BVE-32 - 1 Crochet 20
3667193006157,MS05-09G
3667193006140,BVE-32 - Unité
3667193006133,MS05-08S
3667193006126,BVE-31 - 5 Crochets 100
3667193006119,BVE-31 - 1 Crochet 20
3667193006102,MS05-08G
3667193006096,BVE-31 - Unité
3667193006089,MS05-07S
3667193006072,BVE-28 - 5 Crochets 100
3667193006065,MS05-07G
3667193006058,BVE-28 - 1 Crochet 20
3667193006041,MS05-06S
3667193006034,BVE-28 - Unité
3667193006027,MS05-06G
3667193006010,BVE-27 - 5 Crochets 100
3667193006003,MS05-05S
3667193005990,BVE-27 - 1 Crochet 20
3667193005983,MS05-05G
3667193005976,BVE-27 - Unité
3667193005969,MS05-04S
3667193005952,BVE-25 - 5 Crochets 100
3667193005945,MS05-04G
3667193005938,BVE-25 - 1 Crochet 20
3667193005921,MS05-03S
3667193005914,MS05-03G
3667193005907,BVE-25 - Unité
3667193005891,MS05-02S
3667193005884,MS05-02G
3667193005877,MS02-01S
3667193005860,MS05-01G
3667193005853,BVE-24 - 5 Crochets 100
3667193005846,BVE-24 - 1 Crochet 20
3667193005839,BVE-24 - Unité
3667193005822,BVE-22 - 5 Crochets 100
3667193005815,BVE-22 - 1 Crochet 20
3667193005808,BVE-22 - Unité
3667193005792,BVE-20 - 5 Crochets 100
3667193005785,BVE-20 - 1 Crochet 20
3667193005778,BVE-20 - Unité
3667193005761,BVE-19 - 5 Crochets 100
3667193005754,BVE-19 - 1 Crochet 20
3667193005747,BVE-19 - Unité
3667193005730,BVE-18 - 5 Crochets 100
3667193005723,BVE-18 - 1 Crochet 20
3667193005716,BVE-18 - Unité
3667193005709,BVE-17 - 5 Crochets 100
3667193005693,BVE-17 - 1 Crochet 20
3667193005686,BVE-17 - Unité
3667193005679,BVE-16 - 5 Crochets 100
3667193005662,BVE-16 -  1 Crochet 20
3667193005655,BVE-16 - Unité
3667193005648,BVE-14 - 5 Crochets 100
3667193005631,BVE-14 - 1 Crochet 20
3667193005624,BVE-14 - Unité
3667193005617,BVE-12 - 5 Crochets 100
3667193005600,BVE-12 - 1 Crochet 20
3667193005594,BVE-12 - Unité
3667193005587,BVE-11 -  5 Crochets 100
3667193005570,BVE-11 -  1 Crochet 20
3667193005563,BVE-11 - Unité
3667193005556,BVE-10 -  5 Crochets 100
3667193005549,BVE-10 -  1 Crochet 20
3667193005532,BVE-10 - Unité
3667193005525,BVE-06 -  5 Crochets 100
3667193005518,BVE-06 -  1 Crochet 20
3667193005501,BVE-06 - Unité
3667193005495,BVE-02 -  5 Crochets 100
3667193005488,BVE-02 -  1 Crochet 20
3667193005471,BVE-02 - Unité
3667193005464,BVE-01 -  5 Crochets 100
3667193005457,MS09-13S
3667193005440,MS09-13G
3667193005433,BVE-01 -  1 Crochet 20
3667193005426,MS09-12S
3667193005419,BVE-01 - Unité
3667193005402,MS09-12G
3667193005358,BVE-03 -  1 Crochet 20
3667193005389,BVE-03 -  5 Crochets 100
3667193005396,MS09-11S
3667193005372,MS09-11G
3667193005365,MS09-10S
3667193005341,MS09-10G
3667193005334,MS09-09S
3667193005327,MS09-09G
3667193005310,MS09-08S
3667193005303,MS09-08G
3667193005297,MS09-07S
3667193005280,MS09-07G
3667193005273,MS09-06S
3667193005266,MS09-06G
3667193005259,MS09-05S
3667193005242,MS09-05G
3667193005235,MS09-04S
3667193005228,MS09-04G
3667193005211,MS09-03S
3667193005204,MS09-03G
3667193002043,MS09-02S
3667193005198,MS09-02G
3667193002005,MS09-01S
3667193002104,MS09-01G
3667193005181,MS02-13S
3667193005174,MS02-13G
3667193005167,BVE-03 - Unité
3667193005150,MS02-12S
3667193005143,MS02-12G
3667193005136,MS02-11S
3667193005129,MS02-11G
3667193005112,MS02-10S
3667193005105,MS02-10G
3667193005099,MS02-09S
3667193005082,MS02-09G
3667193005075,FSI21-16 - Bracelet Jap Coquillage
3667193005068,FSI21-15 - Bracelet Jap Coquillage
3667193005051,FSI21-14 - Bracelet Jap Coquillage
3667193005044,FSI21-13 - Bracelet Jap Coquillage
3667193005037,FSI21-12 - Bracelet Jap Coquillage
3667193005020,FSI21-11 - Bracelet Jap Coquillage
3667193002432,MS06-11S
3667193005013,MS02-08S
3667193005006,MS02-08G
3667193004993,MS02-07S
3667193004986,MS02-07G
3667193004979,MS02-06S
3667193002029,MS06-06G
3667193004962,MS02-06G
3667193002074,MS06-02S
3667193002098,MS06-13S
3667193004955,MS02-05S
3667193004948,MS06-12G
3667193004931,MS02-05G
3667193004924,MS06-09G
3667193004917,MS02-04S
3667193002081,MS06-03S
3667193004900,MS02-04G
3667193002036,MS06-08S
3667193002012,MS06-05G
3667193004894,MS02-03S
3667193004887,MS06-09S
3667193004870,MS02-03G
3667193004863,MS02-02S
3667193004856,MS02-02G
3667193004849,MS06-13G
3667193004832,MS02-01S
3667193001992,MS06-11G
3667193004825,MS02-01G
3667193003552,MS06-04G
3667193003521,MS06-04S
3667193003507,MS06-03G
3667193003576,MS06-10G
3667193003408,MS06-12S
3667193003415,MS06-01S
3667193003439,MS06-08G
3667193003590,MS06-07G
3667193003620,MS06-05S
3667193003453,MS06-02G
3667193003477,MS06-01G
3667193003644,MS06-10S
3667193004818,MS06-06S
3667193004801,MS06-07S
3667193004795,FSI21-10 - Bracelet Jap Coquillage
3667193004788,FSI21-09 - Bracelet Jap Coquillage
3667193004771,FSI21-08 - Bracelet Jap Coquillage
3667193004764,FSI21-07 - Bracelet Jap Coquillage
3667193004757,FSI21-06 - Bracelet Jap Coquillage
3667193004740,FSI21-05 - Bracelet Jap Coquillage
3667193004733,FSI21-04 - Bracelet Jap Coquillage
3667193004726,FSI21-03 - Bracelet Jap Coquillage
3667193004719,FSI21-02 - Bracelet Jap Coquillage
3667193004702,FSI21-01 - Bracelet Jap Coquillage
3667193004696,FSI53-08 - Bracelet Fimo Or
3667193004689,FSI53-07 - Bracelet Fimo Or
3667193004672,FSI53-06 - Bracelet Fimo Or
3667193004665,FSI53-05 - Bracelet Fimo Or
3667193004658,FSI53-04 - Bracelet Fimo Or
3667193004641,FSI53-03 - Bracelet Fimo Or
3667193004634,FSI53-02 - Bracelet Fimo Or
3667193004627,MS07-13S
3667193004610,FSI53-01 - Bracelet Fimo Or
3667193004603,MS07-13G
3667193004597,MS07-12S
3667193004580,MS07-12G
3667193004573,FSI60-08 - Bracelet Fimo Fluo Heishi
3667193004566,MS07-11S
3667193004559,MS08-13S
3667193004542,MS07-11G
3667193004535,MS08-13G
3667193004528,FSI60-07 - Bracelet Fimo Fluo Heishi
3667193004511,MS08-12S
3667193004504,FSI60-06 - Bracelet Fimo Fluo Heishi
3667193004498,MS08-12G
3667193004481,FSI60-05 - Bracelet Fimo Fluo Heishi
3667193004474,MS08-11S
3667193004467,MS07-10S
3667193004450,FSI60-04 - Bracelet Fimo Fluo Heishi
3667193004443,MS08-11G
3667193004436,MS07-10G
3667193004429,FSI60-03 - Bracelet Fimo Fluo Heishi
3667193004412,MS08-10S
3667193004405,MS07-09S
3667193004399,FSI60-02 - Bracelet Fimo Fluo Heishi
3667193004382,MS08-10G
3667193004375,MS08-09S
3667193004368,FSI60-01 - Bracelet Fimo Fluo Heishi
3667193004351,MS07-09G
3667193004344,MS08-09G
3667193004337,MS08-08S
3667193004320,MS07-08S
3667193004313,MS08-08G
3667193004306,MS08-07S
3667193004290,MS07-08G
3667193004283,MS08-07G
3667193004276,MS07-07S
3667193004269,MS08-06S
3667193004252,FSI27-16 - Bracelet Jap Pearl
3667193004245,MS07-07G
3667193004238,MS08-06G
3667193004221,FSI27-15 - Bracelet Jap Pearl
3667193004214,MS07-06S
3667193004207,MS08-05S
3667193004191,FSI27-14 - Bracelet Jap Pearl
3667193004184,FSI27-13 - Bracelet Jap Pearl
3667193004177,FSI27-12 - Bracelet Jap Pearl
3667193004153,MS07-06G
3667193004160,MS08-05G
3667193004146,MS08-04S
3667193004139,MS07-05S
3667193004122,FSI27-11 - Bracelet Jap Pearl
3667193004115,MS08-04G
3667193004108,MS07-05G
3667193004092,FSI27-10 - Bracelet Jap Pearl
3667193004085,MS08-03S
3667193004078,MS07-04S
3667193004061,FSI27-09 - Bracelet Jap Pearl
3667193004054,MS08-03G
3667193004047,MS07-04G
3667193004030,FSI27-08 - Bracelet Jap Pearl
3667193004023,MS08-02S
3667193004016,MS08-02G
3667193004009,FSI27-07 - Bracelet Jap Pearl
3667193003996,MS08-01S
3667193003989,MS07-03S
3667193003972,FSI27-06 - Bracelet Jap Pearl
3667193003965,MS08-01G
3667193003958,FSI27-05 - Bracelet Jap Pearl
3667193003941,FSI27-04 - Bracelet Jap Pearl
3667193003934,MS07-03G
3667193003927,MS07-02S
3667193003910,FSI27-03 - Bracelet Jap Pearl
3667193003903,MS07-02G
3667193003897,FSI27-02 - Bracelet Jap Pearl
3667193003880,MS07-01S
3667193003873,MS07-01G
3667193003866,FSI27-01 - Bracelet Jap Pearl
3667193003712,AN-10B
3667193003705,AN-10A
3667193003699,AN-9B
3667193003682,AN-9A
3667193003675,AN-8B
3667193003668,AN-8A
3667193003651,AN-7B
3667193003637,AN-7A
3667193003613,AN-6B
3667193003606,AN-6A
3667193003583,AN-5B
3667193003569,AN-5A
3667193003545,AN-4B
3667193003538,AN-4A
3667193003514,AN-3B
3667193003491,AN-3A
3667193003484,AN-2B
3667193003460,AN-2A
3667193003446,AN-1B
3667193003422,AN-1A
3667193003392,MS05-13G
3667193003385,MS05-12S
3667193003354,LC02-3
3667193003378,LC02-4
3667193003361,MS05-11G
3667193003347,MS05-10S
3667193003330,LC02-2
3667193003323,MS05-09G
3667193003316,LC02-1
3667193003309,MS05-08S
3667193003293,MS05-07G
3667193003286,MS05-06S
3667193003279,MS05-05G
3667193003262,MS05-04S
3667193003255,FSI42_10
3667193003248,FSI42_09
3667193003231,MS05-03G
3667193003224,FSI42_08
3667193003217,FSI42_07
3667193003200,FSI42_06
3667193003194,FSI42_05
3667193003187,MS05-02S
3667193003170,FSI42_04
3667193003163,FSI42_03
3667193003156,MS05-01G
3667193003149,FSI42_02
3667193003132,FSI42_01
3667193003125,CN01-06
3667193003118,CN01-05
3667193003101,CN01-04
3667193003095,CN01-03
3667193003088,CN01-02
3667193003071,CN01-01
3667193003064,CN05-08
3667193003057,CN05-07
3667193003040,CN05-06
3667193003033,CN05-05
3667193003026,CN05-04
3667193003019,CN05-03
3667193003002,CN05-02
3667193002999,CN05-01
3667193002982,CN07-08
3667193002975,CN07-07
3667193002968,CN07-06
3667193002951,CN07-05
3667193002944,CN07-04
3667193002937,CN07-03
3667193002920,CN07-02
3667193002913,CN07-01
3667193002906,MS04-13S
3667193002890,MS04-13G
3667193002883,JB01-16
3667193002876,JB01-15
3667193002869,JB01-14
3667193002852,JB01-13
3667193002845,JB01-12
3667193002838,JB01-11
3667193002821,JB01-10
3667193002814,JB01-09
3667193002807,JB01-08
3667193002791,JB01-07
3667193002784,JB01-06
3667193002777,JB01-05
3667193002760,JB01-04
3667193002753,JB01-03
3667193002746,JB01-02
3667193002739,JB01-01
3667193002722,JB11-16
3667193002715,JB11-15
3667193002708,JB11-14
3667193002692,JB11-13
3667193002685,JB11-12
3667193002678,JB11-11
3667193002296,MS04-06S
3667193002661,JB11-10
3667193002654,JB11-09
3667193002647,MS04-08G
3667193002630,JB11-08
3667193002623,JB11-07
3667193002616,MS04-10S
3667193002609,JB11-06
3667193002593,JB11-05
3667193002586,MS04-12S
3667193002579,JB11-04
3667193002548,MS04-11S
3667193002562,JB11-03
3667193002555,JB11-02
3667193002531,MS04-10G
3667193002524,MS04-08S
3667193002517,JB-11-01
3667193002500,CRB_12C
3667193002494,CRB_12B
3667193002487,CRB_12A
3667193002470,CRB_11C
3667193002463,CRB_11B
3667193002456,CRB_11A
3667193002449,CRB_10C
3667193002425,CRB_10B
3667193002418,CRB_10A
3667193002401,CRB_09C
3667193002395,CRB_09B
3667193002388,CRB_09A
3667193002371,CRB_08C
3667193002364,CRB_08B
3667193002357,CRB_08A
3667193002340,CRB_07C
3667193002333,CRB_07B
3667193002326,CRB_07A
3667193002319,CRB_06C
3667193002302,MS04-07S
3667193002289,MS04-06S
3667193002272,MS04-05S
3667193002265,MS04-04S
3667193002258,MS04-03S
3667193002241,MS04-03G
3667193002234,MS04-02G
3667193002227,MS04-01S
3667193002210,MS04-01G
3667193002203,MS04-05G
3667193002197,MS04-06G
3667193002180,MS04-09G
3667193002173,MS04-07G
3667193002166,MS04-09S
3667193002159,MS04-04G
3667193002142,MS04-12G
3667193002135,MS04-11G
3667193002128,MS04-03S
3667193002111,MS04-02S
3667193002067,MS02-22S
3667193002050,MC02-21G
3667193001985,MS02-13G
3667193001978,MS02-12S
3667193001961,MS02-11G
3667193001954,MS02-10S
3667193001947,MS02-09G
3667193001930,MS02-08S
3667193001923,MS02-07G
3667193001916,MS02-06S
3667193001909,MS02-05G
3667193001893,MS02-04S
3667193001886,MS02-03G
3667193001879,CRB_06B
3667193001862,CRB_06A
3667193001855,MS02-02S
3667193001848,CRB_05C
3667193001831,CRB_05B
3667193001824,CRB_05A
3667193001817,CRB_04C
3667193001800,MS02-01G
3667193001794,CRB_04B
3667193001787,MS04-01G
3667193001770,CRB_04A
3667193001763,CRB_03C
3667193001756,CRB_03B
3667193001749,CRB_03A
3667193001732,CRB_02C
3667193001725,CRB_02B
3667193001718,CRB_02A
3667193001701,CRB_01C
3667193001695,CRB_01B
3667193001688,CRB_01A
3667193001671,FIONA-2D
3667193001664,FIONA-6E
3667193001657,FIONA-6D
3667193001640,FIONA-6C
3667193001633,FIONA-6B
3667193001626,FIONA-6A
3667193001619,FIONA-5E
3667193001602,FIONA-5D
3667193001596,FIONA-5C
3667193001589,FIONA-5B
3667193001572,FIONA-5A
3667193001565,FIONA-4E
3667193001558,FIONA-4D
3667193001541,FIONA-4C
3667193001534,FIONA-4B
3667193001527,FIONA-4A
3667193001510,FIONA-3E
3667193001503,FIONA-3D
3667193001497,FIONA-3C
3667193001480,FIONA-3B
3667193001473,FIONA-3A
3667193001466,FIONA-2E
3667193001459,FIONA-2C
3667193001442,FIONA-2B
3667193001435,FIONA-2A
3667193001428,FIONA-1E
3667193001411,FIONA-1D
3667193001404,FIONA-1C
3667193001398,FIONA-1B
3667193001381,FIONA-1A
3667193001145,MS01-12S
3667193001374,MS01-01G
3667193001367,MS01-01S
3667193001350,MS01-02G
3667193001343,MS01-02S
3667193001336,MS01-03G
3667193001329,MS01-03S
3667193001312,MS01-04G
3667193001305,MS01-04S
3667193001299,MS01-05G
3667193001282,MS01-05S
3667193001275,MS01-06G
3667193001268,MS01-06S
3667193001251,MS01-07G
3667193001244,MS01-07S
3667193001237,MS01-08G
3667193001220,MS01-08S
3667193001213,MS01-09G
3667193001206,MS01-09S
3667193001190,MS01-10G
3667193001183,MS01-10S
3667193001176,MS01-11G
3667193001169,MS01-11S
3667193001152,MS01-12G
3667193001138,MS01-13G
3667193001121,MS01-13S
3667193001114,CN08-08
3667193001107,CN08-07
3667193001091,CN08-06
3667193001084,CN08-05
3667193001077,CN08-04
3667193001060,CN08-03
3667193001053,CN08-02
3667193001046,CN08-01
3667193001039,FSI40-16
3667193001022,FSI40-15
3667193001015,FSI40-14
3667193001008,FSI40-13
3667193000995,FSI40-12
3667193000988,FSI40-11
3667193000971,FSI40-10
3667193000964,FSI40-09
3667193000957,FSI40-08
3667193000940,FSI40-07
3667193000933,FSI40-06
3667193000926,FSI40-05
3667193000919,FSI40-04
3667193000902,FSI40-03
3667193000896,FSI40-02
3667193000889,FSI40_01
3667193000872,CB10_08
3667193000865,CB10_07
3667193000858,CB10_06
3667193000841,CB10_05
3667193000834,CB10_04
3667193000827,CB10_03
3667193000810,CB10_02
3667193000803,CB10_01
3667193000797,DOG
3667193000780,LC12-12
3667193000773,LC12-11
3667193000766,LC12-10
3667193000759,LC12-09
3667193000742,LC12-08
3667193000735,LC12-07
3667193000728,LC12-06
3667193000711,LC12-05
3667193000704,LC12-04
3667193000698,LC12-03
3667193000681,LC12-02
3667193000674,LC12-01
3667193000667,LC11-3
3667193000612,LC11-1
3667193000384,FSI37-5 - Bracelet Perle de Rocaille
3667193000377,FSI37-4 - Bracelet Perle de Rocaille
3667193000360,FSI37-3 - Bracelet Perle de Rocaille
3667193000353,FSI37-2 - Bracelet Perle de Rocaille
3667193000346,FSI37-1 - Bracelet Perle de Rocaille
3667193000650,LC11-6
3667193000643,LC11-5
3667193000636,LC11-4
3667193000629,LC11-2
3667193000605,FSI52_16 - Bracelet Arbre de Vie
3667193000599,FSI52_15 - Bracelet Arbre de Vie
3667193000582,FSI52_14 - Bracelet Arbre de Vie
3667193000575,FSI52_13 - Bracelet Arbre de Vie
3667193000568,FSI52_12 - Bracelet Arbre de Vie
3667193000551,FSI52_11 - Bracelet Arbre de Vie
3667193000544,FSI52_10 - Bracelet Arbre de Vie
3667193000537,FSI52_09 - Bracelet Arbre de Vie
3667193000520,FSI52_08 - Bracelet Arbre de Vie
3667193000513,FSI52_07 - Bracelet Arbre de Vie
3667193000506,FSI52_06 - Bracelet Arbre de Vie
3667193000490,FSI52_05 - Bracelet Arbre de Vie
3667193000483,FSI52_04 - Bracelet Arbre de Vie
3667193000476,FSI52_03 - Bracelet Arbre de Vie
3667193000469,FSI52_02 - Bracelet Arbre de Vie
3667193000452,FSI52_01 - Bracelet Arbre de Vie
3667193000445,JAPJ-16 - Bracelet Jap Jack
3667193000438,JAPJ-15 - Bracelet Jap Jack
3667193000421,JAPJ-14 - Bracelet Jap Jack
3667193000414,JAPJ-13 - Bracelet Jap Jack
3667193000407,JAPJ-12 - Bracelet Jap Jack
3667193000391,JAPJ-11 - Bracelet Jap Jack
3667193000339,JAPJ-10 - Bracelet Jap Jack
3667193000322,JAPJ-09 - Bracelet Jap Jack
3667193000315,JAPJ-08 - Bracelet Jap Jack
3667193000308,JAPJ-07 - Bracelet Jap Jack
3667193000292,JAPJ-06 - Bracelet Jap Jack
3667193000285,JAPJ-05 - Bracelet Jap Jack
3667193000278,JAPJ-04 - Bracelet Jap Jack
3667193000261,JAPJ-03 - Bracelet Jap Jack
3667193000254,JAPJ-02 - Bracelet Jap Jack
3667193000247,JAPJ-01 - Bracelet Jap Jack
3667193000230,AS_12B - Bracelet Astro
3667193000223,AS_12A - Bracelet Astro
3667193000216,AS_11B - Bracelet Astro
3667193000209,AS_11A - Bracelet Astro
3667193000193,AS_10B - Bracelet Astro
3667193000186,AS_10A - Bracelet Astro
3667193000179,AS_9B - Bracelet Astro
3667193000162,AS_9A - Bracelet Astro
3667193000155,AS_8A - Bracelet Astro
3667193000148,AS_7B - Bracelet Astro
3667193000131,AS_7A - Bracelet Astro
3667193000124,AS_6B - Bracelet Astro
3667193000117,AS_6A - Bracelet Astro
3667193000100,AS_5B - Bracelet Astro
3667193000094,AS_5A - Bracelet Astro
3667193000087,AS_4B - Bracelet Astro
3667193000070,AS_4A - Bracelet Astro
3667193000063,AS_3B - Bracelet Astro
3667193000056,AS_3A - Bracelet Astro
3667193000049,AS_2B - Bracelet Astro
3667193000032,AS_2A - Bracelet Astro
3667193000018,AS-1A - Bracelet Astro
3667193000025,AS_1B - Bracelet Astro
3667193000001,BV01 - Bracelet à voeux original
